Promo,Basket Size,Completed Orders,Percent Promo Orders,Total Orders
"Free Delivery (Php 59, min basket 550)",501.37969376028224,117142.85714285714,0.28197578471134016,118807.14285714286
No Promo,486.13230169585387,97870.42857142857,0.13343631769655148,99208.35714285714
Php 100 off (min basket 400),505.116709323433,116492.85714285714,0.24346087537005284,118307.14285714286
